Unternehmen;Branche;2020;2019;2018;2017;2016;2015;2014;2013;2012;Im Mdax seit
Aareal Bank;Banken;https://www.aareal-bank.com/fileadmin/downloadlist/DAM_Content/IR/Finanzberichte/2020/20201231_gb_de.pdf;https://www.aareal-bank.com/fileadmin/downloadlist/DAM_Content/IR/Finanzberichte/2019/191231_gb_de.pdf;https://www.aareal-bank.com/fileadmin/downloadlist/DAM_Content/PRESS/News/2019/reporting/181231_gb_de.pdf;https://www.aareal-bank.com/fileadmin/user_upload/171231_gb_de.pdf;https://www.aareal-bank.com/fileadmin/downloadlist/DAM_Content/IR/Finanzberichte/2016/161231_gb_de.pdf;https://www.aareal-bank.com/fileadmin/downloadlist/DAM_Content/IR/Finanzberichte/2015/151231_gb_de.pdf;https://www.aareal-bank.com/fileadmin/downloadlist/DAM_Content/IR/Finanzberichte/2014/141231_gb_de.pdf;https://www.aareal-bank.com/fileadmin/downloadlist/DAM_Content/IR/Finanzberichte/2013/131231_gb_de.pdf;https://www.aareal-bank.com/fileadmin/downloadlist/DAM_Content/IR/Finanzberichte/2012/121231_gb_de.pdf;nicht im MDAX
Airbus SE;Luft- und Raumfahrt, R�stung;https://boersengefluester.de/wp-content/uploads/assets/annuals/2020/938914.pdf;https://boersengefluester.de/wp-content/uploads/assets/annuals/2019/938914.pdf;https://boersengefluester.de/wp-content/uploads/assets/annuals/2018/938914.pdf;https://boersengefluester.de/wp-content/uploads/assets/annuals/2017/938914.pdf;https://boersengefluester.de/wp-content/uploads/assets/annuals/2016/938914.pdf;https://boersengefluester.de/wp-content/uploads/assets/annuals/2015/938914.pdf;https://www.airbus.com/content/dam/corporate-topics/financial-and-company-information/financial-statements-2014.pdf;https://www.airbus.com/content/dam/corporate-topics/financial-and-company-information/eads-financial-statements-2013.pdf;https://www.airbus.com/content/dam/corporate-topics/financial-and-company-information/eads-financial-statements-2012.pdf;24. Mrz 03
Aixtron SE;Maschinenbau, Halbleitertechnik;https://www.aixtron.com/investoren/publikationen/2020/de/Gesch%C3%A4ftsbericht%202020.pdf;https://www.aixtron.com/investoren/publikationen/2019/de/Gesch%C3%A4ftsbericht%202019.pdf;https://www.aixtron.com/investoren/publikationen/2018/de/Gesch%C3%A4ftsbericht%202018.pdf;https://www.aixtron.com/investoren/publikationen/2017/de/Gesch%C3%A4ftsbericht%202017.pdf;https://www.aixtron.com/investoren/publikationen/2016/de/Gesch%C3%A4ftsbericht%202016.pdf;https://www.aixtron.com/investoren/publikationen/2015/de/Gesch%C3%A4ftsbericht%202015.pdf;https://www.aixtron.com/investoren/publikationen/2014/de/Gesch%C3%A4ftsbericht%202014.pdf;https://www.aixtron.com/investoren/publikationen/2013/de/Gesch%C3%A4ftsbericht%202013.pdf;https://www.aixtron.com/investoren/publikationen/2012/de/Gesch%C3%A4ftsbericht%202012.pdf;24. Aug 20
alstria office REIT-AG;Immobilienwirtschaft;https://boersengefluester.de/wp-content/uploads/assets/annuals/2020/A0LD2U.pdf;https://boersengefluester.de/wp-content/uploads/assets/annuals/2019/A0LD2U.pdf;https://boersengefluester.de/wp-content/uploads/assets/annuals/2018/A0LD2U.pdf;;;;;;;24. Sep 18
Aroundtown S.A.;Immobilien;https://boersengefluester.de/wp-content/uploads/assets/annuals/2020/A2DW8Z.pdf;https://boersengefluester.de/wp-content/uploads/assets/annuals/2019/A2DW8Z.pdf;https://boersengefluester.de/wp-content/uploads/assets/annuals/2018/A2DW8Z.pdf;;;;;;;19. Mrz 18
Aurubis AG;Grundstoffe (Kupfererzeugung);https://boersengefluester.de/wp-content/uploads/assets/annuals/2020/676650.pdf;https://boersengefluester.de/wp-content/uploads/assets/annuals/2019/676650.pdf;https://boersengefluester.de/wp-content/uploads/assets/annuals/2018/676650.pdf;https://boersengefluester.de/wp-content/uploads/assets/annuals/2017/676650.pdf;https://boersengefluester.de/wp-content/uploads/assets/annuals/2016/676650.pdf;https://boersengefluester.de/wp-content/uploads/assets/annuals/2015/676650.pdf;https://www.aurubis.com/binaries/content/assets/aurubisrelaunch/files/finanzberichte-de/2013-14/geschaftsbericht_2013_14.pdf;https://www.aurubis.com/binaries/content/assets/aurubisrelaunch/files/finanzberichte-de/2012-13/geschaftsbericht-2012_13.pdf;https://www.aurubis.com/binaries/content/assets/aurubisrelaunch/files/finanzberichte-de/2011-12/geschaftsbericht_2011_12.pdf;19. Mrz 01
Axel Springer;Medien;;https://www.axelspringer.com/data/uploads/2020/03/geschaeftsbericht_2019-1.pdf;https://www.axelspringer.com/data/uploads/2019/03/Gescha%CC%88ftsbericht-2018.pdf;https://www.axelspringer.com/data/uploads/2018/06/Geschaeftsbericht_2017.pdf;https://www.axelspringer.com/data/uploads/2018/06/Geschaeftsbericht_2016.pdf;https://www.axelspringer.com/data/uploads/2018/06/Axel_Springer_Geschaeftsbericht_2015.pdf;https://www.axelspringer.com/data/uploads/2018/06/Geschaeftsbericht_2014.pdf;https://www.axelspringer.com/data/uploads/2018/06/Geschaeftsbericht_2013.pdf;https://www.axelspringer.com/data/uploads/2018/06/Geschaeftsbericht_2012_Axel_Springer.pdf;nicht im MDAX
Bechtle AG;IT-Dienstleistung;https://boersengefluester.de/wp-content/uploads/assets/annuals/2020/515870.pdf;https://boersengefluester.de/wp-content/uploads/assets/annuals/2019/515870.pdf;https://boersengefluester.de/wp-content/uploads/assets/annuals/2018/515870.pdf;https://boersengefluester.de/wp-content/uploads/assets/annuals/2017/515870.pdf;https://boersengefluester.de/wp-content/uploads/assets/annuals/2016/515870.pdf;https://boersengefluester.de/wp-content/uploads/assets/annuals/2015/515870.pdf;https://www.bechtle.com/dam/jcr:fc07763a-b457-4bde-a09e-19754945dd1b/geschaeftsbericht_2014.pdf;https://www.bechtle.com/dam/jcr:fd229dea-bfbd-4d4a-a1e3-47fd1ef985e5/bechtle_geschaeftsbericht_2013.pdf;https://www.bechtle.com/dam/jcr:534298a1-9f54-40ed-a4cc-3ecbcbb0dc1b/bechtle_geschaeftsbericht_2012.pdf;24. Sep 18
Beiersdorf;Konsumg�terproduktion;;;;;;;;;;22. Mrz 21
Bilfinger SE;Dienstleistungen;https://www.bilfinger.com/fileadmin/corporate_webseite/investor_relations/berichterstattung/2020/Geschaeftsbericht_2020.pdf;https://www.bilfinger.com/fileadmin/corporate_webseite/investor_relations/berichterstattung/2019/Bilfinger_2019_GB_d_print.pdf;https://www.bilfinger.com/fileadmin/corporate_webseite/investor_relations/berichterstattung/2018/Bilfinger_2018_GB_d_print.pdf;https://www.bilfinger.com/fileadmin/corporate_webseite/investor_relations/berichterstattung/2018/Bilfinger_2017_GB_d_print.pdf;https://www.bilfinger.com/fileadmin/corporate_webseite/investor_relations/berichterstattung/2016/2016_GB_d_Print_170315_a.pdf;https://www.bilfinger.com/fileadmin/corporate_webseite/investor_relations/berichterstattung/2015/GB15_d_komplett_160314-3.pdf;https://www.bilfinger.com/fileadmin/corporate_webseite/investor_relations/ogb/2014/Bilfinger_Geschaeftsbericht_2014.pdf;https://www.bilfinger.com/fileadmin/corporate_webseite/investor_relations/berichterstattung/2013/Bilfinger_gb2013_de.pdf;https://www.bilfinger.com/fileadmin/corporate_webseite/investor_relations/berichterstattung/2012/Bilfinger_GB2012_de.pdf;nicht im MDAX
Brenntag AG;Gro�handel (Chemie);https://boersengefluester.de/wp-content/uploads/assets/annuals/2020/A1DAHH.pdf;https://boersengefluester.de/wp-content/uploads/assets/annuals/2019/A1DAHH.pdf;https://boersengefluester.de/wp-content/uploads/assets/annuals/2018/A1DAHH.pdf;https://boersengefluester.de/wp-content/uploads/assets/annuals/2017/A1DAHH.pdf;https://boersengefluester.de/wp-content/uploads/assets/annuals/2016/A1DAHH.pdf;https://boersengefluester.de/wp-content/uploads/assets/annuals/2015/A1DAHH.pdf;https://www.brenntag.com/corporate/media/documents/investor_relations/2015/hauptversammlung/brenntag_geschaeftsbericht_2014.pdf;https://www.brenntag.com/corporate/media/documents/investor_relations/2013_1/brenntag_geschaeftsbericht_2013-2.pdf;https://www.brenntag.com/corporate/media/documents/investor_relations/2013/brenntag_geschaeftsbericht_2012.pdf;21. Jun 10
Cancom SE;IT-Dienstleistungen;https://boersengefluester.de/wp-content/uploads/assets/annuals/2020/541910.pdf;https://boersengefluester.de/wp-content/uploads/assets/annuals/2019/541910.pdf;https://boersengefluester.de/wp-content/uploads/assets/annuals/2018/541910.pdf;https://boersengefluester.de/wp-content/uploads/assets/annuals/2017/541910.pdf;https://boersengefluester.de/wp-content/uploads/assets/annuals/2016/541910.pdf;https://boersengefluester.de/wp-content/uploads/assets/annuals/2015/541910.pdf;http://content.cancom.de/b/geschaeftsberichte/CANCOM_geschaeftsbericht2014_DE.pdf;https://www.cancom.de/wp-content/uploads/sites/7/2015/08/CANCOM-Geschaeftsbericht-2013_D.pdf;https://www.cancom.de/wp-content/uploads/sites/7/2015/08/130614_Geschaeftsbericht_2012_D_gesch.pdf;29. Aug 19
Carl Zeiss Meditec AG;Medizintechnik;https://boersengefluester.de/wp-content/uploads/assets/annuals/2020/531370.pdf;https://boersengefluester.de/wp-content/uploads/assets/annuals/2019/531370.pdf;https://boersengefluester.de/wp-content/uploads/assets/annuals/2018/531370.pdf;http://applications.zeiss.com/C1257A290053AE30/0/58DAD3EDA5F90F8CC12581DB004BA241/$FILE/afx_geschaeftsbericht_2016_17_langfassung.pdf;http://applications.zeiss.com/C1257A290053AE30/0/B180CBE44CE941A6C125806F003B50EA/$FILE/AFX_Geschaeftsbericht_2015_16_Langfassung.pdf;http://applications.zeiss.com/C1257A290053AE30/0/399AE18C2623F9D3C1257F14002C502A/$FILE/afx_geschaeftsbericht_2014_15-langfassung.pdf;http://applications.zeiss.com/C1257A290053AE30/0/32943CA81F9C2229C1257D850031EA84/$FILE/geschaeftsbericht_1314.pdf;http://applications.zeiss.com/C1257A290053AE30/0/9879FED8F28C60F4C1257C37004C3202/$FILE/AFX_Geschaeftsbericht_1213_verlinkt.pdf;;27. Dez 18
Commerzbank AG;Banken;https://boersengefluester.de/wp-content/uploads/assets/annuals/2020/CBK100.pdf;https://boersengefluester.de/wp-content/uploads/assets/annuals/2019/CBK100.pdf;https://boersengefluester.de/wp-content/uploads/assets/annuals/2018/CBK100.pdf;https://www.commerzbank.de/media/de/aktionaere/service/archive/konzern/2018_2/Geschaeftsbericht_2017_Konzern_EN.pdf;https://www.commerzbank.de/media/aktionaere/service/archive/konzern/2017/Geschaeftsbericht_2016_Konzern_DE.pdf;https://www.commerzbank.de/media/de/aktionaere/haupt/2016_5/geschaeftsbericht_2015.pdf;https://www.commerzbank.de/media/aktionaere/service/archive/konzern/2015_2/00_CAA_Geschaeftsbericht_2014_Konzern_DE.pdf;https://www.commerzbank.de/media/aktionaere/service/archive/konzern/2014_2/Geschaeftsbericht2013_Konzern_DE.pdf;https://www.commerzbank.de/media/aktionaere/service/archive/konzern/2013_3/Geschaeftsbericht_2012_Konzern_DE.pdf;24. Sep 18
CompuGroup Medical SE;Gesundheitswesen;https://boersengefluester.de/wp-content/uploads/assets/annuals/2020/A28890.pdf;https://boersengefluester.de/wp-content/uploads/assets/annuals/2019/A28890.pdf;https://boersengefluester.de/wp-content/uploads/assets/annuals/2018/A28890.pdf;https://www.cgm.com/_Resources/Persistent/0e98a6fe0fc88ac8801ac406a458d3915d78d7e1/CMPG_27730_AR2017_GER_WEB_.pdf;https://www.cgm.com/_Resources/Persistent/0024cf9c217a0b3fd98fdb70cd7dc3b626a0728c/CompuGroup_Medical_SE_Annual_Report_2016_German.pdf;https://www.cgm.com/_Resources/Persistent/389003f72fc0bce1637a052128ae08a15d1f52cd/2016-03-31_Annual_Report_2015_web_DE_1.pdf;https://www.cgm.com/_Resources/Persistent/79cb4e4b8646f0f0929a527b34655ecac1ff81a3/2015-03-31_Annual_Report_2014_web_DE.pdf;https://www.cgm.com/_Resources/Persistent/18bdf210c2e687702bca27dbcf30790885baa9f6/2014-03-27_Annual_Report_2013_Rev1_DE.pdf;https://www.cgm.com/_Resources/Persistent/c31556117cd1978d6a494b95ea1d633d9ccdcd8a/2013-03-28_Annual_Report_2012_Rev3_DE.pdf;23. Sep 19
Covestro;Chemie;https://bericht.covestro.com/geschaeftsbericht-2020/serviceseiten/downloads/files/covestro-ar20-entire.pdf;https://bericht.covestro.com/geschaeftsbericht-2019/serviceseiten/downloads/files/covestro_gb19_gesamt.pdf;https://bericht.covestro.com/geschaeftsbericht-2018/serviceseiten/downloads/files/covestro_gb18_gesamt.pdf;https://boersengefluester.de/wp-content/uploads/assets/annuals/2017/606214.pdf;https://boersengefluester.de/wp-content/uploads/assets/annuals/2016/606214.pdf;https://boersengefluester.de/wp-content/uploads/assets/annuals/2015/606214.pdf;;;;nicht im MDAX
CTS Eventim AG & Co. KGaA;Ticketvertrieb;https://boersengefluester.de/wp-content/uploads/assets/annuals/2020/547030.pdf;https://boersengefluester.de/wp-content/uploads/assets/annuals/2019/547030.pdf;https://boersengefluester.de/wp-content/uploads/assets/annuals/2018/547030.pdf;http://irpages2.equitystory.com/download/companies/cts-eventim/Annual%20Reports/DE0005470306-JA-2017-EQ-D-00.pdf;http://irpages2.equitystory.com/download/companies/cts-eventim/Annual%20Reports/DE0005470306-JA-2016-EQ-D-00.pdf;http://irpages2.equitystory.com/download/companies/cts-eventim/Annual%20Reports/DE0005470306-JA-2015-EQ-D-00.pdf;http://irpages2.equitystory.com/download/companies/cts-eventim/Annual%20Reports/DE0005470306-JA-2014-EQ-D-00.pdf;http://irpages2.equitystory.com/download/companies/cts-eventim/Annual%20Reports/DE0005470306-JA-2013-EQ-D-00.pdf;http://irpages2.equitystory.com/download/companies/cts-eventim/Annual%20Reports/DE0005470306-JA-2012-EQ-D-00.pdf;16. Sep 19
Deutsche EuroShop AG;Immobilien;https://www.deutsche-euroshop.de/media/public/db/media/1/2021/04/100064/des_finanzbericht_2020_d_safe.pdf;https://www.deutsche-euroshop.de/media/public/db/media/1/2020/04/100054/des_gb19_d_save.pdf;https://www.deutsche-euroshop.de/media/public/db/media/1/2019/04/100039/des_gb18_d.pdf;https://www.deutsche-euroshop.de/media/public/db/media/1/2018/04/274/des-gb-17-d.pdf;https://www.deutsche-euroshop.de/media/public/db/media/1/2017/01/264/des_gb16_d.pdf;https://www.deutsche-euroshop.de/media/public/db/media/1/2016/04/255/des_gb15_d.pdf;https://www.deutsche-euroshop.de/media/public/db/media/1/2015/04/242/des_gb_14_d.pdf;https://www.deutsche-euroshop.de/media/public/db/media/1/2014/04/233/des_gb_2013_d_gesamt.pdf;https://www.deutsche-euroshop.de/media/public/db/media/1/2013/04/222/deutschgb2012.pdf;nicht im MDAX
Deutsche Lufthansa AG;Fluggesellschaft;https://boersengefluester.de/wp-content/uploads/assets/annuals/2020/823212.pdf;https://boersengefluester.de/wp-content/uploads/assets/annuals/2019/823212.pdf;https://boersengefluester.de/wp-content/uploads/assets/annuals/2018/823212.pdf;https://investor-relations.lufthansagroup.com/fileadmin/downloads/de/finanzberichte/geschaeftsberichte/LH-GB-2017-d.pdf;https://investor-relations.lufthansagroup.com/fileadmin/downloads/de/finanzberichte/geschaeftsberichte/LH-GB-2016-d.pdf;https://investor-relations.lufthansagroup.com/fileadmin/downloads/de/finanzberichte/geschaeftsberichte/LH-GB-2015-d.pdf;https://investor-relations.lufthansagroup.com/fileadmin/downloads/de/finanzberichte/geschaeftsberichte/LH-GB-2014-d.pdf;https://investor-relations.lufthansagroup.com/fileadmin/downloads/de/finanzberichte/geschaeftsberichte/LH-GB-2013-d.pdf;https://investor-relations.lufthansagroup.com/fileadmin/downloads/de/finanzberichte/geschaeftsberichte/LH-GB-2012-d.pdf;22. Jun 20
Deutsche Pfandbriefbank;Banken;https://www.pfandbriefbank.com/fileadmin/user_upload/downloads/investor_relations/reports/2020Geschaeftsbericht_geschuetzt.pdf;https://www.pfandbriefbank.com/fileadmin/user_upload/downloads/investor_relations/reports/2003_GB2019_de.pdf;https://www.pfandbriefbank.com/fileadmin/user_upload/downloads/investor_relations/reports/1903_pbb_GB18_Online_FINAL_de.pdf;https://www.pfandbriefbank.com/fileadmin/user_upload/downloads/investor_relations/reports/1803_GB2017_Konzern_Deutsche_Pfandbriefbank.pdf;https://www.pfandbriefbank.com/fileadmin/user_upload/downloads/investor_relations/reports/1603_pbb_Group_AR_2016_v1805_online.pdf;https://www.pfandbriefbank.com/fileadmin/user_upload/downloads/investor_relations/reports/160412_pbb_Konzern_GB2015_screen_de.pdf;https://www.pfandbriefbank.com/fileadmin/user_upload/downloads/investor_relations/reports/1503_pbb_GB2014_de.pdf;https://www.pfandbriefbank.com/fileadmin/user_upload/downloads/investor_relations/reports/1405_pbb_GB2013_de.pdf;https://www.pfandbriefbank.com/fileadmin/user_upload/downloads/investor_relations/reports/pbb_Konzernabschluss_2012.pdf;nicht im MDAX
Deutsche Wohnen SE;Immobilienwirtschaft;https://ir.deutsche-wohnen.com/download/companies/dewohnen/Annual%20Reports/DW_Geschaeftsbericht_2020_DE.pdf;https://ir.deutsche-wohnen.com/download/companies/dewohnen/Annual%20Reports/DE000A0HN5C6-JA-2019-EQ-D-02.pdf;https://ir.deutsche-wohnen.com/download/companies/dewohnen/Annual%20Reports/DE000A0HN5C6-JA-2018-EQ-D-03.pdf;https://ir.deutsche-wohnen.com/download/companies/dewohnen/Annual%20Reports/Deutsche_Wohnen_SE_Geschaeftsbericht_2017.pdf;https://ir.deutsche-wohnen.com/download/companies/dewohnen/Annual%20Reports/DE000A0HN5C6-JA-2016-EQ-D-02.pdf;https://ir.deutsche-wohnen.com/download/companies/dewohnen/Annual%20Reports/DE000A0HN5C6-JA-2015-EQ-D-00.pdf;https://ir.deutsche-wohnen.com/download/companies/dewohnen/Annual%20Reports/20150414_DW_Geschaeftsbericht_2014_deutsch.pdf;https://ir.deutsche-wohnen.com/download/companies/dewohnen/Annual%20Reports/140414_DW_D_Finanzbericht2013_save.pdf;https://ir.deutsche-wohnen.com/download/companies/dewohnen/Annual%20Reports/130328_DeuWo_DE_GB2012_FinBericht_EiSei_sicher.pdf;nicht im MDAX
DMG Mori AG;Maschinenbau;https://de.dmgmori-ag.com/resource/blob/543308/4deb720c0db40a9fec76cecd10e24dac/dmgmorij20d-data.pdf;https://de.dmgmori-ag.com/resource/blob/406104/c63fbe3ba97bf186a4dfa4ea2225b27b/dmgmorij19d-data.pdf;https://de.dmgmori-ag.com/resource/blob/354664/5eed9528e4f5a506fa1924df9d8a8439/dmgmorij18d-data.pdf;https://de.dmgmori-ag.com/resource/blob/310306/f7437ac676128c16fee4c7cd5e30adfc/dmgmorij17d-data.pdf;https://de.dmgmori-ag.com/resource/blob/308990/511edae145289512ba260c6d003f5664/dmgmorij16d-data.pdf;https://de.dmgmori-ag.com/resource/blob/309030/ff8d8a1074b6f8fa73deaea8759c3736/dmgmorij15d-data.pdf;https://de.dmgmori-ag.com/resource/blob/309054/f4fc2a9f9ebeaef8e35e8819e9d8420e/dmgmoriseikij14d-data.pdf;https://de.dmgmori-ag.com/resource/blob/309080/7bc7553b01109767a544e7658da1a930/dmgmoriseikij13d-data.pdf;https://de.dmgmori-ag.com/resource/blob/309106/3aedcda1d41284c11408fd5bf63cfb99/gilj12d-data.pdf;nicht im MDAX
D�rr AG;Automobilzulieferer;https://boersengefluester.de/wp-content/uploads/assets/annuals/2020/556520.pdf;https://boersengefluester.de/wp-content/uploads/assets/annuals/2019/556520.pdf;https://boersengefluester.de/wp-content/uploads/assets/annuals/2018/556520.pdf;https://www.durr-group.com/fileadmin/durr-group.com/Investors/Downloads/Reports/2017/AnnualReport-2017_DE.pdf;https://www.durr-group.com/fileadmin/durr-group.com/Investors/Downloads/Reports/2016/AnnualReport-2016_DE.pdf;https://www.durr-group.com/fileadmin/durr-group.com/Investors/Downloads/Reports/2015/AnnualReport-2015_DE.pdf;https://www.durr-group.com/fileadmin/durr-group.com/Investors/Downloads/Reports/2014/AnnualReport-2014_DE.pdf;https://www.durr-group.com/fileadmin/durr-group.com/Investors/Downloads/Reports/2013/AnnualReport-2013_DE.pdf;https://www.durr-group.com/fileadmin/durr-group.com/Investors/Downloads/Reports/2012/AnnualReport-2012_DE.pdf;19. Mrz 12
Encavis AG;Erneuerbare Energien;https://boersengefluester.de/wp-content/uploads/assets/annuals/2020/609500.pdf;https://boersengefluester.de/wp-content/uploads/assets/annuals/2019/609500.pdf;https://boersengefluester.de/wp-content/uploads/assets/annuals/2018/609500.pdf;https://www.encavis.com/fileadmin/user_upload/Dokumente/Finanzberichte/Encavis_AG/2017/Encavis-Geschaeftsbericht-2017-deu.pdf;https://www.encavis.com/fileadmin/user_upload/Dokumente/Finanzberichte/Capital_Stage_AG/2016/CS_GB_2016.pdf;https://www.encavis.com/fileadmin/user_upload/Dokumente/Finanzberichte/Capital_Stage_AG/2015/CS_GB_DE.pdf;https://www.encavis.com/fileadmin/user_upload/Dokumente/Finanzberichte/Capital_Stage_AG/2014/CS_GB_2014.pdf;https://www.encavis.com/fileadmin/user_upload/Dokumente/Finanzberichte/Capital_Stage_AG/2013/CS_GB_2013.pdf;https://www.encavis.com/fileadmin/user_upload/Dokumente/Finanzberichte/Capital_Stage_AG/2012/CapitalStage_GB_DE_web_safe.pdf;22. Mrz 21
Evonik Industries AG;Spezial-Chemieprodukte;https://boersengefluester.de/wp-content/uploads/assets/annuals/2020/EVNK01.pdf;https://boersengefluester.de/wp-content/uploads/assets/annuals/2019/EVNK01.pdf;https://boersengefluester.de/wp-content/uploads/assets/annuals/2018/EVNK01.pdf;https://corporate.evonik.com/Downloads/Corporate/BPK/Evonik_FB2017_D.pdf;https://corporate.evonik.com/downloads/corporate/evonik%20gb2016%20d-170427.pdf;https://corporate.evonik.com/downloads/corporate/evonik%20gesch%c3%a4ftsbericht%202015.pdf;https://corporate.evonik.com/downloads/corporate/evonik-geschaeftsbericht-2014.pdf;https://corporate.evonik.com/downloads/corporate/evonik-geschaeftsbericht-2013.pdf;https://corporate.evonik.com/downloads/corporate/evonik-geschaeftsbericht-2012-de.pdf;23. Sep 13
Evotec SE;Biotechnologie;https://boersengefluester.de/wp-content/uploads/assets/annuals/2020/566480.pdf;https://boersengefluester.de/wp-content/uploads/assets/annuals/2019/566480.pdf;https://boersengefluester.de/wp-content/uploads/assets/annuals/2018/566480.pdf;https://www.evotec.com/f/ca30024718c1521630fcfd2ca259dced.pdf;https://www.evotec.com/f/95d29cf67f8a49b5e0006421e8180f17.pdf;https://www.evotec.com/f/7e0b80cbcf9bd9a73dfdcfbf08ae990e.pdf;https://www.evotec.com/f/084ae5e84bf1e4f09b0e39b7661d7454.pdf;https://www.evotec.com/f/5192e7b692f61ad9706c407d90170e33.pdf;https://www.evotec.com/f/6d9161785373a9ddd127ebf8dd662676.pdf;24. Sep 18
Fielmann;Einzelhandel, Optiker, H�rger�te;https://corporate.fielmann.com/fileadmin/Redaktion/pdf/ir/fielmann_bericht_2020_PC7JqS4Y.pdf;https://corporate.fielmann.com/fileadmin/Redaktion/pdf/ir/fielmann_bericht_2019_S_gf76mqWz.pdf;https://corporate.fielmann.com/fileadmin/Redaktion/pdf/ir/fielmann_bericht_2018_RK7LNLR7Zg.pdf;https://corporate.fielmann.com/fileadmin/Redaktion/pdf/ir/fielmann_bericht_2017_Bkz69WwtaFzY9F.pdf;https://corporate.fielmann.com/fileadmin/Redaktion/corporate/fielmann_bericht_2016_knexYmKZ.pdf;https://corporate.fielmann.com/fileadmin/Redaktion/pdf/ir/fielmann_bericht_2015_vg8xa9HL.pdf;https://corporate.fielmann.com/fileadmin/Redaktion/pdf/ir/fielmann_bericht_2014.pdf;https://corporate.fielmann.com/fileadmin/Redaktion/pdf/ir/fielmann_bericht_2013.pdf;https://corporate.fielmann.com/fileadmin/Redaktion/pdf/ir/fielmann_bericht_2012.pdf;nicht im MDAX
Fraport AG;Flughafenbetreiber;https://boersengefluester.de/wp-content/uploads/assets/annuals/2020/577330.pdf;https://boersengefluester.de/wp-content/uploads/assets/annuals/2019/577330.pdf;https://boersengefluester.de/wp-content/uploads/assets/annuals/2018/577330.pdf;https://www.fraport.com/content/dam/fraport-company/documents/investoren/termine-und-publikationen/geschaeftsberichte/gb_2017_de_web.pdf/_jcr_content/renditions/original.media_file.download_attachment.file/gb_2017_de_web.pdf;https://www.fraport.com/content/dam/fraport-company/documents/investoren/termine-und-publikationen/geschaeftsberichte/fraport-geschaeftsbericht-2016_safe.pdf/_jcr_content/renditions/original.media_file.download_attachment.file/fraport-geschaeftsbericht-2016_safe.pdf;https://www.fraport.com/content/dam/fraport-company/documents/investoren/termine-und-publikationen/geschaeftsberichte/geschaeftsbericht-2015.pdf/_jcr_content/renditions/original.media_file.download_attachment.file/geschaeftsbericht-2015.pdf;https://www.fraport.com/content/dam/fraport-company/documents/investoren/termine-und-publikationen/geschaeftsberichte/fraport-gb-2014.pdf/_jcr_content/renditions/original.media_file.download_attachment.file/fraport-gb-2014.pdf;https://www.fraport.com/content/dam/fraport-company/documents/investoren/termine-und-publikationen/geschaeftsberichte/fraport_2013_geschaeftsbericht.pdf/_jcr_content/renditions/original.media_file.download_attachment.file/fraport_2013_geschaeftsbericht.pdf;https://www.fraport.com/content/dam/fraport-company/documents/investoren/termine-und-publikationen/geschaeftsberichte/fraport-geschaeftsbericht-2012.pdf/_jcr_content/renditions/original.media_file.download_attachment.file/fraport-geschaeftsbericht-2012.pdf;24. Sep 01
Freenet AG;Telekommunikation;https://boersengefluester.de/wp-content/uploads/assets/annuals/2020/A0Z2ZZ.pdf;https://boersengefluester.de/wp-content/uploads/assets/annuals/2019/A0Z2ZZ.pdf;https://boersengefluester.de/wp-content/uploads/assets/annuals/2018/A0Z2ZZ.pdf;https://blob.freent.de/contentblob/6535310/2/data/20180322-geschaeftsbericht-2017-der-freenet-ag.pdf;https://blob.freent.de/contentblob/6021240/6/data/20170323-geschaeftsbericht-2016-der-freenet-ag.pdf;https://blob.freent.de/contentblob/5317420/1/data/2015-gb-2015.pdf;https://blob.freent.de/contentblob/4819696/4/data/20150326-geschaeftsbericht-2014-der-freenet-ag.pdf;https://blob.freent.de/contentblob/4499050/1/data/geschaeftsbericht-2013-der-freenet-ag.pdf;https://blob.freent.de/contentblob/4498962/1/data/geschaeftsbericht-2012.pdf;24. Sep 18
Fuchs Petrolub SE;Chemie;https://boersengefluester.de/wp-content/uploads/assets/annuals/2020/579043.pdf;https://boersengefluester.de/wp-content/uploads/assets/annuals/2019/579043.pdf;https://boersengefluester.de/wp-content/uploads/assets/annuals/2018/579043.pdf;https://www.fuchs.com/gruppe/unternehmen/das-unternehmen/download-center/download/file/72669-geschaeftsbericht-2017/;https://www.fuchs.com/gruppe/unternehmen/das-unternehmen/download-center/download/file/65161-geschaeftsbericht-2016/;https://www.fuchs.com/gruppe/unternehmen/das-unternehmen/download-center/download/file/65165-geschaeftsbericht-2015/;https://www.fuchs.com/gruppe/unternehmen/das-unternehmen/download-center/download/file/65169-geschaeftsbericht-2014/;https://www.fuchs.com/gruppe/unternehmen/das-unternehmen/download-center/download/file/65173-geschaeftsbericht-2013/;https://www.fuchs.com/gruppe/unternehmen/das-unternehmen/download-center/download/file/65177-geschaeftsbericht-2012/;23. Jun 08
GEA Group AG;Maschinenbau;https://boersengefluester.de/wp-content/uploads/assets/annuals/2020/660200.pdf;https://boersengefluester.de/wp-content/uploads/assets/annuals/2019/660200.pdf;https://boersengefluester.de/wp-content/uploads/assets/annuals/2018/660200.pdf;https://www.gea.com/de/binaries/GEA-Gesch%C3%A4ftsbericht-2017-de_tcm24-42938.pdf;https://www.gea.com/de/binaries/gea-annual-report-2016-de_tcm24-35874.pdf;https://www.gea.com/de/binaries/2016.03.10.%20GEA%20Gesch%C3%A4ftsbericht%202015_tcm24-30988.pdf;https://www.gea.com/de/binaries/2015-03-09-AR-2014-GEA-Group-2_tcm24-25588.pdf;https://www.gea.com/de/binaries/2014.03.07.%20GEA%20Gesch%C3%A4ftsbericht%202013_tcm24-30807.pdf;https://www.gea.com/de/binaries/GEA-group-ag-geschaeftsbericht-2012_tcm24-25583.pdf;18. Nov 96
Gerresheimer AG;Arzneiverpackungen;https://boersengefluester.de/wp-content/uploads/assets/annuals/2020/A0LD6E.pdf;https://boersengefluester.de/wp-content/uploads/assets/annuals/2019/A0LD6E.pdf;https://boersengefluester.de/wp-content/uploads/assets/annuals/2018/A0LD6E.pdf;https://www.gerresheimer.com/fileadmin/user_upload/user_upload/Company/Investor_Relations/reports/2017/DE/Gerresheimer_GB17_de_geschuetzt.pdf;https://www.gerresheimer.com/fileadmin/user_upload/user_upload/Company/Investor_Relations/reports/2016/DE/D_GER_GB16_GESAMT_ONLINE_klein_geschuetzt.pdf;https://www.gerresheimer.com/fileadmin/user_upload/user_upload/Company/Investor_Relations/reports/2015/DE/Gerresheimer_Geschaeftsbericht_2015.pdf;https://www.gerresheimer.com/fileadmin/user_upload/user_upload/Company/Investor_Relations/reports/2014/DE/Gerresheimer_Geschaeftsbericht_2014.pdf;https://www.gerresheimer.com/fileadmin/user_upload/user_upload/Company/Investor_Relations/reports/2013/DE/Geschaeftsbericht_2013_01.pdf;https://www.gerresheimer.com/fileadmin/user_upload/user_upload/Company/Investor_Relations/reports/2012/DE/Geschaeftsbericht_2012_02.pdf;22. Dez 08
Grand City Properties S.A.;Immobilien;https://boersengefluester.de/wp-content/uploads/assets/annuals/2020/A1JXCV.pdf;https://boersengefluester.de/wp-content/uploads/assets/annuals/2019/A1JXCV.pdf;https://boersengefluester.de/wp-content/uploads/assets/annuals/2018/A1JXCV.pdf;https://www.grandcityproperties.com/fileadmin/user_upload/03_investor_relations/Downloads/2017/GCP_Q4_2017.pdf;https://www.grandcityproperties.com/fileadmin/user_upload/03_investor_relations/Downloads/2016/GCP_FY_2016.pdf;https://www.grandcityproperties.com/fileadmin/user_upload/03_investor_relations/Downloads/2015/GCP_FY_2015.pdf;https://www.grandcityproperties.com/fileadmin/user_upload/03_investor_relations/Downloads/2014/GCP_FY_2014.pdf;;;18. Sep 17
Hannover R�ckversicherung AG;Versicherungen;https://boersengefluester.de/wp-content/uploads/assets/annuals/2020/840221.pdf;https://boersengefluester.de/wp-content/uploads/assets/annuals/2019/840221.pdf;https://boersengefluester.de/wp-content/uploads/assets/annuals/2018/840221.pdf;https://www.hannover-rueck.de/1230442/geschaftsbericht-2017.pdf;https://www.hannover-rueck.de/1078786/geschaftsbericht-2016.pdf;https://www.hannover-rueck.de/926986/geschaftsbericht-2015.pdf;https://www.hannover-rueck.de/555437/geschaftsbericht-2014.pdf;https://www.hannover-rueck.de/27809/geschaftsbericht-2013.pdf;https://www.hannover-rueck.de/28309/geschaftsbericht-2012.pdf;21. Sep 09
HELLA GmbH & Co. KGaA;Automobilzulieferer;;https://boersengefluester.de/wp-content/uploads/assets/annuals/2019/A13SX2.pdf;https://boersengefluester.de/wp-content/uploads/assets/annuals/2018/A13SX2.pdf;https://www.hella.com/hella-com/assets/media_global/2018.08.10_HELLA_Annual-Report_2018_EN_secured.pdf;https://www.hella.com/hella-com/assets/media_global/2017.08.10_HELLA_Annual_Report_full_secured.pdf;https://www.hella.com/hella-com/assets/media_global/2016.08.11_HELLA_Annual_Report_secured.pdf;https://www.hella.com/hella-com/assets/media_global/2015_HELLA_Annual_Report_secured.pdf;https://www.hella.com/hella-com/assets/media_global/HLA_GB14_Englisch_Final_geschuetzt.pdf;https://www.hella.com/hella-com/assets/media/Annual_Report_12-13.pdf;21. Sep 15
HelloFresh SE;Lebensmitteleinzelhandel;https://ir.hellofreshgroup.com/download/companies/hellofresh/Annual%20Reports/DE000A161408-JA-2020-PN-EQ-D-00.pdf;https://ir.hellofreshgroup.com/download/companies/hellofresh/Annual%20Reports/DE000A161408-JA-2019-EQ-D-01.pdf;https://ir.hellofreshgroup.com/download/companies/hellofresh/Annual%20Reports/DE000A161408-JA-2018-EQ-D-00.pdf;;;;;;;23. Mrz 20
Hochtief AG;Bau;https://boersengefluester.de/wp-content/uploads/assets/annuals/2020/607000.pdf;https://boersengefluester.de/wp-content/uploads/assets/annuals/2019/607000.pdf;https://boersengefluester.de/wp-content/uploads/assets/annuals/2018/607000.pdf;https://www.hochtief.de/mmdbdownload?id=167624;https://www.hochtief.de/mmdbdownload?id=162389;https://www.hochtief.de/mmdbdownload?id=153936;https://www.hochtief.de/mmdbdownload?id=145861;https://www.hochtief.de/mmdbdownload?id=134358;https://www.hochtief.de/mmdbdownload?id=117344;11. Apr 94
Hugo Boss AG;Luxus;https://boersengefluester.de/wp-content/uploads/assets/annuals/2020/A1PHFF.pdf;https://boersengefluester.de/wp-content/uploads/assets/annuals/2019/A1PHFF.pdf;https://boersengefluester.de/wp-content/uploads/assets/annuals/2018/A1PHFF.pdf;https://group.hugoboss.com/fileadmin/media/pdf/investors/financial-reports/2017/Jahresabschluss_AG_2017.pdf;https://group.hugoboss.com/fileadmin/media/pdf/investors/financial-reports/2016/Geschaeftsbericht_2016.pdf;https://group.hugoboss.com/fileadmin/media/pdf/investors/financial-reports/2015/Geschaeftsbericht_2015.pdf;https://group.hugoboss.com/fileadmin/media/pdf/investors/financial-reports/2014/Geschaeftsbericht_2014.pdf;https://group.hugoboss.com/fileadmin/media/hbnews/user_upload/Investor_Relations/Finanzberichte/2003-2013/HB_GB13_DE.pdf;https://group.hugoboss.com/fileadmin/media/hbnews/user_upload/Investor_Relations/Finanzberichte/2003-2013/HB_GB12_DE.pdf;22. Mrz 99
Jungheinrich AG;Intralogistik, Maschinenbau;https://media-live2.prod.scw.jungheinrichcloud.com/resource/blob/935518/4d0837ec004c7c40cc6ba98a5ea8f679/geschaeftsbericht-2020-data.pdf;https://media-live2.prod.scw.jungheinrichcloud.com/resource/blob/795108/d61fb7f71acc91c12ab3135fd9ab4a6e/geschaeftsbericht-2019-data.pdf;https://media-live2.prod.scw.jungheinrichcloud.com/resource/blob/601786/d6261b3ce69e752de4ba0bcf051cc85f/geschaeftsbericht-2018-data.pdf;https://media-live2.prod.scw.jungheinrichcloud.com/resource/blob/156306/aa049699c707986b70e2d2a023f7e2a0/geschaeftsbericht-2017-data.pdf;https://media-live2.prod.scw.jungheinrichcloud.com/resource/blob/3902/2b98e300a5a79ddd9649c6a172b04da5/geschaeftsbericht-2016-data.pdf;https://media-live2.prod.scw.jungheinrichcloud.com/resource/blob/3900/cccdfad8bdbd088a4888891cdc54f46b/geschaeftsbericht-2015-data.pdf;https://media-live2.prod.scw.jungheinrichcloud.com/resource/blob/3898/e8d9a851fc2750050a82a4a3301ef77e/geschaeftsbericht-2014-data.pdf;https://media-live2.prod.scw.jungheinrichcloud.com/resource/blob/3896/3a17eb99c4320f9af262bcb736768e15/geschaeftsbericht-2013-de-data.pdf;https://media-live2.prod.scw.jungheinrichcloud.com/resource/blob/3894/3591d1ed18fda6c4f2fe233fbf3f2bb8/geschaeftsbericht-2012-data.pdf;nicht im MDAX
K+S AG;D�ngemittel, Salze;https://boersengefluester.de/wp-content/uploads/assets/annuals/2020/KSAG88.pdf;https://boersengefluester.de/wp-content/uploads/assets/annuals/2019/KSAG88.pdf;https://boersengefluester.de/wp-content/uploads/assets/annuals/2018/KSAG88.pdf;https://www.kpluss.com/de-de/.pdf/investor-relations/2017/gb2017.pdf;https://www.kpluss.com/de-de/.pdf/investor-relations/2016/gb2016.pdf;https://www.kpluss.com/de-de/.pdf/investor-relations/2015/gb2015.pdf;https://www.kpluss.com/de-de/.pdf/investor-relations/2014/fb2014.pdf;https://www.kpluss.com/de-de/.pdf/investor-relations/2013/fb2013.pdf;https://www.kpluss.com/de-de/.pdf/investor-relations/2012/fb2012.pdf;21. Mrz 16
Kion Group AG;Nutzfahrzeuge;https://boersengefluester.de/wp-content/uploads/assets/annuals/2020/KGX888.pdf;https://boersengefluester.de/wp-content/uploads/assets/annuals/2019/KGX888.pdf;https://boersengefluester.de/wp-content/uploads/assets/annuals/2018/KGX888.pdf;https://www.kiongroup.com/Main/Investor-Relations/Reports-Presentations/2017-Reports-Presentations/KION-Group-Annual-Report-2017-(NEW).pdf;https://www.kiongroup.com/Main/Investor-Relations/Reports-Presentations/2016-Reports-Presentations/KION-Group-Annual-Report-2016.pdf;https://www.kiongroup.com/Main/Investor-Relations/Reports-Presentations/2015-Reports-Presentations/2015-Reports/KION-Group-Annual-Report-2015.pdf;https://www.kiongroup.com/Main/Investor-Relations/Reports-Presentations/2014-Reports-Presentations/2014-Reports/KION-Group-Annual-Report-2014.pdf;https://www.kiongroup.com/Main/Investor-Relations/Reports-Presentations/2013-Reports-Presentations/2013-Reports/KION-Group-Annual-Report-2013.pdf;https://www.kiongroup.com/Main/Investor-Relations/Reports-Presentations/2012-Reports-Presentations/2012-Reports/KION-Group-Annual-Report-2012.pdf;22. Sep 14
Knorr-Bremse AG;Transportwesen und Bahnverkehr;https://boersengefluester.de/wp-content/uploads/assets/annuals/2020/KBX100.pdf;https://boersengefluester.de/wp-content/uploads/assets/annuals/2019/KBX100.pdf;https://boersengefluester.de/wp-content/uploads/assets/annuals/2018/KBX100.pdf;https://ir.knorr-bremse.com/download/companies/knorrbremse/Annual%20Reports/Knorr-Bremse_Geschaeftsbericht_2017.pdf;https://ir.knorr-bremse.com/download/companies/knorrbremse/Annual%20Reports/Knorr-Bremse_Geschaeftsbericht_2016.pdf;https://ir.knorr-bremse.com/download/companies/knorrbremse/Annual%20Reports/KB_GB_2015_D_klein.pdf;https://ir.knorr-bremse.com/download/companies/knorrbremse/Annual%20Reports/Geschaeftsbericht_2014.pdf;https://ir.knorr-bremse.com/download/companies/knorrbremse/Annual%20Reports/Knorr_Bremse_AG_Geschaeftsbericht_2013_medium.pdf;;18. Mrz 19
Krones AG;Maschinenbau;https://www.krones.com/media/downloads/GB_2020_AG_d.pdf;https://www.krones.com/media/downloads/GB_2019_AG_d.pdf;https://www.krones.com/media/downloads/GB_2018_AG_d.pdf;https://www.krones.com/media/downloads/GB_2017_AG_d.pdf;https://www.krones.com/media/downloads/GB_2016_AG_d.pdf;https://www.krones.com/media/downloads/GB_2015_AG_d.pdf;https://www.krones.com/media/downloads/GB_2014_AG_d.pdf;https://www.krones.com/media/downloads/GB_2013_AG_d.pdf;https://www.krones.com/media/downloads/GB_2012_AG_d.pdf;nicht im MDAX
Lanxess AG;Chemie;https://boersengefluester.de/wp-content/uploads/assets/annuals/2020/547040.pdf;https://boersengefluester.de/wp-content/uploads/assets/annuals/2019/547040.pdf;https://boersengefluester.de/wp-content/uploads/assets/annuals/2018/547040.pdf;https://lanxess.com/-/media/Project/Lanxess/Corporate-Internet/Investors/Publications/Reports/2017/DE/LXS_AG_Jahresabschluss_2017_D_web.pdf;https://lanxess.com/-/media/Project/Lanxess/Corporate-Internet/Investors/Publications/Reports/2016/DE/LXS_GB_2016_Jahresabschluss_DE.pdf;https://lanxess.com/-/media/Project/Lanxess/Corporate-Internet/Investors/Publications/Reports/2015/DE/lxs_ag2015_d.pdf;https://lanxess.com/-/media/Project/Lanxess/Corporate-Internet/Investors/Publications/Reports/2014/DE/lxs_ag2014_d.pdf;https://lanxess.com/-/media/Project/Lanxess/Corporate-Internet/Investors/Publications/Reports/2013/DE/140430_lxs_ag13_d_schutz.pdf;https://lanxess.com/-/media/Project/Lanxess/Corporate-Internet/Investors/Publications/Reports/2012/DE/lxs_ag2012_d_schutz_01.pdf;21. Sep 15
LEG Immobilien AG;Immobilien;https://boersengefluester.de/wp-content/uploads/assets/annuals/2020/LEG111.pdf;https://boersengefluester.de/wp-content/uploads/assets/annuals/2019/LEG111.pdf;https://boersengefluester.de/wp-content/uploads/assets/annuals/2018/LEG111.pdf;http://irpages2.equitystory.com/download/companies/legimmobilien/Annual%20Reports/DE000LEG1110-JA-2017-EQ-D-00.pdf;http://irpages2.equitystory.com/download/companies/legimmobilien/Annual%20Reports/DE000LEG1110-JA-2016-EQ-D-00.pdf;http://irpages2.equitystory.com/download/companies/legimmobilien/Annual%20Reports/DE000LEG1110-JA-2015-EQ-D-00.pdf;http://irpages2.equitystory.com/download/companies/legimmobilien/Annual%20Reports/DE000LEG1110-JA-2014-EQ-D-00.pdf;;;24. Jun 13
LEONI AG;Automobilzulieferer;https://publications.leoni.com/fileadmin/corporate/publications/reports/2021/leoni-geschaeftsbericht-2020.pdf?1615928042;https://publications.leoni.com/fileadmin/corporate/publications/reports/2019/geschaeftsbericht_2019.pdf?1585552107;https://publications.leoni.com/fileadmin/corporate/publications/reports/2018/geschaeftsbericht_2018.pdf?1552974804;https://publications.leoni.com/fileadmin/corporate/publications/reports/2017/geschaeftbericht_2017.pdf?1521539773;https://publications.leoni.com/fileadmin/corporate/publications/reports/2016/geschaeftsbericht_2016.pdf?1490257263;https://publications.leoni.com/fileadmin/corporate/publications/reports/2015/geschaeftsbericht_2015.pdf?1460101662;https://publications.leoni.com/fileadmin/corporate/publications/reports/2014/geschaeftsbericht_2014.pdf?1426582672;https://publications.leoni.com/fileadmin/corporate/publications/reports/2013/geschaeftsbericht_2013.pdf?1397729633;https://publications.leoni.com/fileadmin/corporate/publications/reports/2012/geschaeftsbericht_2012.pdf?1397730294;nicht im MDAX
Morphosys AG;Biotechnologie;https://boersengefluester.de/wp-content/uploads/assets/annuals/2020/663200.pdf;https://boersengefluester.de/wp-content/uploads/assets/annuals/2019/663200.pdf;https://boersengefluester.de/wp-content/uploads/assets/annuals/2018/663200.pdf;https://www.morphosys.de/sites/default/files/reports/2017/mor_gb_2017_de_.pdf;https://www.morphosys.de/sites/default/files/reports/2016/mps_gb16_komplett.pdf;https://www.morphosys.de/sites/default/files/reports/2015/mps_gb15_komplett.pdf;https://www.morphosys.de/sites/default/files/reports/2014/geschaeftsbericht-komplett-2014.pdf;https://www.morphosys.de/sites/default/files/reports/2013/mor-geschaeftsbericht-2013.pdf;https://www.morphosys.de/sites/default/files/reports/2012/mps_gb12_d.pdf;24. Sep 18
MTU Aero Engines AG;Maschinenbau;https://www.mtu.de/fileadmin/DE/5_Investor_Relations/Financial_Report/Geschaeftsbericht_2020_de_locked.pdf;https://www.mtu.de/fileadmin/DE/5_Investor_Relations/Financial_Report/2019_Geschaeftsbericht.pdf;https://www.mtu.de/fileadmin/DE/5_Investor_Relations/Financial_Report/2018_MTUAeroEngines_GB2018_de.pdf;https://www.mtu.de/fileadmin/DE/5_Investor_Relations/Financial_Report/2018_02_27_GB2018_DE_LOCKED.pdf;https://www.mtu.de/fileadmin/DE/5_Investor_Relations/Financial_Report/FY_2016_Geschaeftsbericht_.pdf;https://www.mtu.de/fileadmin/DE/5_Investor_Relations/Financial_Report/FY_2015_annual_report_d.pdf;https://www.mtu.de/fileadmin/DE/5_Investor_Relations/Financial_Report/investor_relations__financial_reports_2014_fy_d.pdf;https://www.mtu.de/fileadmin/DE/5_Investor_Relations/Financial_Report/investor_relations_financial_geschaeftsbericht_2013_de.jpg.pdf;https://www.mtu.de/fileadmin/EN/5_Investor_Relations/7_Financial_Reports/Archiv/2012/investor_relations_reports_2012_geschaeftsbericht.pdf;nicht im MDAX
Nemetschek SE;Software (Bauindustrie);https://boersengefluester.de/wp-content/uploads/assets/annuals/2020/645290.pdf;https://boersengefluester.de/wp-content/uploads/assets/annuals/2019/645290.pdf;https://boersengefluester.de/wp-content/uploads/assets/annuals/2018/645290.pdf;https://ir.nemetschek.com/download/companies/nemetschek/Annual%20Reports/DE0006452907-JA-2017-EQ-D-00.pdf;https://ir.nemetschek.com/download/companies/nemetschek/Annual%20Reports/DE0006452907-JA-2016-EQ-D-00.pdf;https://ir.nemetschek.com/download/companies/nemetschek/Annual%20Reports/DE0006452907-JA-2015-EQ-D-00.pdf;https://ir.nemetschek.com/download/companies/nemetschek/Annual%20Reports/DE0006452907-JA-2014-EQ-D-00.pdf;https://ir.nemetschek.com/download/companies/nemetschek/Annual%20Reports/DE0006452907-JA-2013-EQ-D-00.pdf;https://ir.nemetschek.com/download/companies/nemetschek/Annual%20Reports/NEM-GB12-DE_locked.pdf;24. Sep 18
Nordex SE;Anlagenbau;http://ir.nordex-online.com/download/companies/nordex/Annual%20Reports/nordex_gb20_d_s.pdf;http://ir.nordex-online.com/download/companies/nordex/Annual%20Reports/DE000A0D6554-JA-2019-EQ-D-01.pdf;http://ir.nordex-online.com/download/companies/nordex/Annual%20Reports/DE000A0D6554-JA-2018-EQ-D-tlo.pdf;http://ir.nordex-online.com/download/companies/nordex/Annual%20Reports/DE000A0D6554-JA-2017-EQ-D-00.pdf;http://ir.nordex-online.com/download/companies/nordex/Annual%20Reports/DE000A0D6554-JA-2016-EQ-D-00.pdf;http://ir.nordex-online.com/download/companies/nordex/Annual%20Reports/DE000A0D6554-JA-2015-EQ-D-00.pdf;http://ir.nordex-online.com/download/companies/nordex/Annual%20Reports/DE000A0D6554-JA-2014-EQ-D-00.pdf;http://ir.nordex-online.com/download/companies/nordex/Annual%20Reports/Nordex_GB2013_de.pdf;http://ir.nordex-online.com/download/companies/nordex/Annual%20Reports/Nordex_GB2012_de.pdf;22. Mrz 21
Norma Group SE;Industrie;https://www.normagroup.com/norma.nsf/res/NORMA-Group-Gesch%C3%A4ftsbericht-2020.pdf/$file/NORMA-Group-Gesch%C3%A4ftsbericht-2020.pdf;https://powered-by.qbank-mediaportal.se/norma/TTW/NORMA-Group-2019-annual-report-de.pdf;https://powered-by.qbank-mediaportal.se/norma/TTW/NORMA-Group-2018-annual-report-de.pdf;https://powered-by.qbank-mediaportal.se/norma/TTW/NORMA-Group-2017-annual-report-de.pdf;https://powered-by.qbank-mediaportal.se/norma/TTW/NORMA-Group-2016-annual-report-de.pdf;https://powered-by.qbank-mediaportal.se/norma/TTW/NORMA-Group-2015-annual-report-de.pdf;https://powered-by.qbank-mediaportal.se/norma/TTW/NORMA-Group-2014-annual-report-de.pdf;https://powered-by.qbank-mediaportal.se/norma/TTW/NORMA-Group-2013-annual-report-de.pdf;https://powered-by.qbank-mediaportal.se/norma/TTW/NORMA-Group-2012-annual-report-de.pdf;nicht im MDAX
Osram Licht AG;Halbleiterherrsteller, Photonik;https://www.osram-group.de/~/media/Files/O/Osram/Investor%20Relations/Annual%20Report/2020/2020_de_osram_geschaeftsbericht.pdf;https://www.osram-group.de/~/media/Files/O/Osram/Investor%20Relations/Annual%20Report/2019/2019_de_osram_geschaeftsbericht.pdf;https://www.osram-group.de/~/media/Files/O/Osram/Investor%20Relations/Annual%20Report/2018/2018_de_osram_geschaeftsbericht.pdf;https://www.osram-group.de/~/media/Files/O/Osram/Investor%20Relations/Annual%20Report/2017/2017-de-osram-annual-report.pdf;https://www.osram-group.de/~/media/Files/O/Osram/documents/de/publications/annual-reports/2016/osram-annual-report-2016-de.pdf;https://www.osram-group.de/~/media/Files/O/Osram/documents/de/fiscal-year-2015-de/osram-geschaftsbericht-2015-screen.pdf;https://www.osram-group.de/~/media/Files/O/Osram/documents/de/publications/annual-reports/2014/osram-de-geschaeftsbericht-gesamt-2014.pdf;https://www.osram-group.de/~/media/Files/O/Osram/documents/de/publications/annual-reports/2013/131205-osram-d-geschaeftsbericht2013.pdf;;nicht im MDAX
Porsche Automobil Holding SE;Beteiligungsgesellschaft;https://www.porsche-se.com/fileadmin/downloads/investorrelations/mandatorypublications/annualreport-20/PSE2020_Geschaeftsbericht_de.pdf;https://www.porsche-se.com/fileadmin/downloads/investorrelations/mandatorypublications/annualreport-19/PSE_GB2019_Deutsch_web.pdf;https://www.porsche-se.com/fileadmin/downloads/investorrelations/mandatorypublications/annualreport-18/PSE_GB2018_Deutsch_web.pdf;https://www.porsche-se.com/fileadmin/downloads/investorrelations/mandatorypublications/annualreport-17/PSE_GB2017_Deutsch_web.pdf;https://www.porsche-se.com/fileadmin/downloads/investorrelations/mandatorypublications/annualreport-16/PSE_GB2016_Deutsch_web_.pdf;https://www.porsche-se.com/fileadmin/downloads/investorrelations/mandatorypublications/annualreport-15/Geschaeftsbericht_Geschaeftsjahr_2015.pdf;https://www.porsche-se.com/fileadmin/downloads/investorrelations/mandatorypublications/annualreport-15/download/Gescha__ftsbericht_Gescha__ftsjahr_2014.pdf;https://www.porsche-se.com/fileadmin/downloads/investorrelations/mandatorypublications/annualreport-15/download/Gescha__ftsbericht_Gescha__ftsjahr_2013.pdf;https://www.porsche-se.com/fileadmin/downloads/investorrelations/mandatorypublications/annualreport-15/download/Gescha__ftsbericht_Gescha__ftsjahr_2012.pdf;22. Mrz 21
ProSiebenSat.1 Media SE;Medien;https://boersengefluester.de/wp-content/uploads/assets/annuals/2020/PSM777.pdf;https://boersengefluester.de/wp-content/uploads/assets/annuals/2019/PSM777.pdf;https://boersengefluester.de/wp-content/uploads/assets/annuals/2018/PSM777.pdf;https://www.prosiebensat1.de/uploads/2018/03/15/P7S1_GB17_DE_2018-03-15.pdf;https://www.prosiebensat1.de/uploads/2017/05/09/P7S1_GB16_DE_GB_2017-05-08.pdf;https://www.prosiebensat1.de/uploads/2016/04/28/gb15_d.pdf;https://www.prosiebensat1.de/uploads/2015/10/18/562405b6d4114_original.pdf;https://www.prosiebensat1.de/uploads/2015/11/03/gb13_de.pdf;https://www.prosiebensat1.de/uploads/2015/11/03/gb12_de.pdf;19. Mrz 18
Puma SE;Sportartikel;https://boersengefluester.de/wp-content/uploads/assets/annuals/2020/696960.pdf;https://boersengefluester.de/wp-content/uploads/assets/annuals/2019/696960.pdf;https://boersengefluester.de/wp-content/uploads/assets/annuals/2018/696960.pdf;https://udg-about-puma-prod-endpoint.azureedge.net/-/media/files/pdf/investor-relations/gb_2017_de.pdf?rev=-1&hash=990B097489363B6F3AB71EB6ED666143;https://udg-about-puma-prod-endpoint.azureedge.net/-/media/files/pdf/investor-relations/gb_2016_de.pdf?rev=-1&hash=F0DE1915E7B30268ED8BD2C7D5BBCAAC;https://udg-about-puma-prod-endpoint.azureedge.net/-/media/files/pdf/investor-relations/gb_2015_de.pdf?rev=-1&hash=A28FCB8CA79A421AF6919DD1A40257C7;https://udg-about-puma-prod-endpoint.azureedge.net/-/media/files/pdf/investor-relations/gb_2014_de.pdf?rev=-1&hash=01429E51BD80EA4D2323507FF359C6BE;https://udg-about-puma-prod-endpoint.azureedge.net/-/media/files/pdf/investor-relations/gb_2013_de.pdf?rev=-1&hash=68AC50DA08A3E2051691DD2F733B825C;https://udg-about-puma-prod-endpoint.azureedge.net/-/media/files/pdf/investor-relations/gb_2012_de.pdf?rev=-1&hash=1D306E0868AD15F9C8A293E94860FE0A;18. Jun 18
Qiagen N.V.;Biotechnologie;https://boersengefluester.de/wp-content/uploads/assets/annuals/2020/A2DKCH.pdf;https://boersengefluester.de/wp-content/uploads/assets/annuals/2019/A2DKCH.pdf;https://boersengefluester.de/wp-content/uploads/assets/annuals/2018/A2DKCH.pdf;https://s27.q4cdn.com/986229841/files/doc_financials/2017/ar/2017-Form-20-F-March-5-2018.pdf;https://s27.q4cdn.com/986229841/files/doc_financials/2016/ar/2016-Form-20-F-March-3-2017.pdf;https://s27.q4cdn.com/986229841/files/doc_financials/2015/ar/2015-Form-20-F-February-26-2016.pdf;https://s27.q4cdn.com/986229841/files/doc_financials/2014/ar/2014-Form-20-F-March-3-2015.pdf;https://s27.q4cdn.com/986229841/files/doc_financials/2013/ar/2013-Form-20-F-March-3-2014.pdf;https://s27.q4cdn.com/986229841/files/doc_financials/2012/ar/2012-Form-20-F-March-1-2013.pdf;24. Sep 18
Rational AG;Industrie;https://boersengefluester.de/wp-content/uploads/assets/annuals/2020/701080.pdf;https://boersengefluester.de/wp-content/uploads/assets/annuals/2019/701080.pdf;https://boersengefluester.de/wp-content/uploads/assets/annuals/2018/701080.pdf;https://www.rational-online.com/media/investor-relations/annual-reports/rational-ag-geschaeftsbericht-2017.pdf;https://www.rational-online.com/media/investor-relations/annual-reports/rational-ag-geschaeftsbericht-2016.pdf;https://www.rational-online.com/media/investor-relations/annual-reports/gb-2015-de.pdf;https://www.rational-online.com/media/investor-relations/annual-reports/gb-2014-de.pdf;https://www.rational-online.com/media/investor-relations/annual-reports/gb-2013-de.pdf;https://www.rational-online.com/media/investor-relations/annual-reports/gb-2012-de.pdf;23. Sep 19
Rheinmetall AG;Wehrtechnik und Automobilzulieferung;https://boersengefluester.de/wp-content/uploads/assets/annuals/2020/703000.pdf;https://boersengefluester.de/wp-content/uploads/assets/annuals/2019/703000.pdf;https://boersengefluester.de/wp-content/uploads/assets/annuals/2018/703000.pdf;https://ir.rheinmetall.com/download/companies/rheinmetall/Annual%20Reports/DE0007030009-JA-2017-EQ-D-01.pdf;https://ir.rheinmetall.com/download/companies/rheinmetall/Annual%20Reports/DE0007030009-JA-2016-EQ-D-00.pdf;https://ir.rheinmetall.com/download/companies/rheinmetall/Annual%20Reports/DE0007030009-JA-2015-EQ-D-03.pdf;https://ir.rheinmetall.com/download/companies/rheinmetall/Annual%20Reports/DE0007030009-JA-2014-EQ-D-00.pdf;https://ir.rheinmetall.com/download/companies/rheinmetall/Annual%20Reports/DE0007030009-JA-2013-EQ-D-00.pdf;https://ir.rheinmetall.com/download/companies/rheinmetall/Annual%20Reports/DE0007030009-JA-2012-EQ-D-00.pdf;11. Apr 94
Rh�n-Klinikum AG;Klinikgruppe;https://www.rhoen-klinikum-ag.com/fileadmin/FILES/RKA/investoren/Geschaeftsberichte/GB_2020_dt.pdf;https://www.rhoen-klinikum-ag.com/fileadmin/FILES/RKA/investoren/Geschaeftsberichte/GB_2019_D.pdf;https://www.rhoen-klinikum-ag.com/fileadmin/FILES/RKA/investoren/Geschaeftsberichte/GB_2018_DE.pdf;https://www.rhoen-klinikum-ag.com/fileadmin/FILES/RKA/investoren/Geschaeftsberichte/RHOEN_GB_2017_D.pdf;https://www.rhoen-klinikum-ag.com/fileadmin/FILES/RKA/investoren/Geschaeftsberichte/RHK_GB_2016_Internet_dt.pdf;https://www.rhoen-klinikum-ag.com/fileadmin/FILES/RKA/investoren/Geschaeftsberichte/RHOEN-KLINIKUM_AG_GB_2015_DE.pdf;https://www.rhoen-klinikum-ag.com/fileadmin/FILES/RKA/investoren/Geschaeftsberichte/RHOEN-KLINIKUM_AG_GB_2014_DE.pdf;https://www.rhoen-klinikum-ag.com/fileadmin/FILES/RKA/investoren/Geschaeftsberichte/RHOEN-KLINIKUM_AG_Geschaeftsbericht_2013.pdf;https://www.rhoen-klinikum-ag.com/fileadmin/FILES/RKA/investoren/Hauptversammlungen/Hauptversammlung_2013/RHOEN-KLINIKUM_AG_GB_Deutsch_2012.pdf;nicht im MDAX
RTL Group;Medien;https://www.rtlgroup.com/files/pdf3/rtlgroup_annualreport2020.pdf;https://www.rtlgroup.com/files/pdf3/rtlgroup_annualreport2019.pdf;https://www.rtlgroup.com/files/pdf2/rtl_group_annual_report_20181.pdf;https://www.rtlgroup.com/files/pdf2/rtl_group_annual_report_2017_online.pdf;https://www.rtlgroup.com/files/pdf2/rtl-group-annual-report-2016_online.pdf;https://www.rtlgroup.com/files/pdf2/rtl_group_annual_report_2015_without-highlights.pdf;https://www.rtlgroup.com/files/pdf1/AR2014_RTLGroup.pdf;https://www.rtlgroup.com/files/pdf1/RTL_2013_WEB_GB_ES.pdf;https://www.rtlgroup.com/files/pdf1/rtl_webpdf3final.pdf;nicht im MDAX
Salzgitter AG;Stahlindustrie;https://www.salzgitter-ag.com/fileadmin/finanzberichte/2020/gb2020/de/downloads/szag-gb2020-gesamt.pdf;https://www.salzgitter-ag.com/fileadmin/finanzberichte/2019/gb2019/de/downloads/szag-gb2019-gesamt.pdf;https://www.salzgitter-ag.com/fileadmin/finanzberichte/2018/gb2018/de/downloads/szag-gb2018-gesamt.pdf;https://www.salzgitter-ag.com/fileadmin/finanzberichte/2017/gb2017/de/downloads/szag-gb2017-gesamt.pdf;https://www.salzgitter-ag.com/fileadmin/finanzberichte/2016/gb2016/de/downloads/szag_gb_2016_gesamt.pdf;https://www.salzgitter-ag.com/fileadmin/footage/MEDIA/SZAG/finanzberichte/2015/gb2015/de/szag_gb_2015_gesamt.pdf;https://www.salzgitter-ag.com/fileadmin/footage/MEDIA/SZAG/finanzberichte/2014/gb2014/de/szag_gb_2014_gesamt.pdf;https://www.salzgitter-ag.com/fileadmin/footage/MEDIA/SZAG/finanzberichte/2013/gb2013/de/szag_de_gb_2013_gesamt.pdf;https://www.salzgitter-ag.com/fileadmin/footage/MEDIA/SZAG/finanzberichte/2012/gb2012/de/szag_gb_2012.pdf;nicht im MDAX
Sartorius AG;Bioprozesstechnologie, Labortechnologie;https://boersengefluester.de/wp-content/uploads/assets/annuals/2020/716563.pdf;https://boersengefluester.de/wp-content/uploads/assets/annuals/2019/716563.pdf;https://boersengefluester.de/wp-content/uploads/assets/annuals/2018/716563.pdf;https://www.sartorius.com/download/30766/11/sag-annual-report-2017-e-data.pdf;https://www.sartorius.com/download/32670/4/sag-annual-report-2016-e-data.pdf;https://www.sartorius.com/download/32708/4/sag-annual-report-2015-e-data.pdf;https://www.sartorius.com/download/32848/4/sag-annual-report-2014-e-data.pdf;;;24. Sep 18
Schaeffler AG;Automobil-  und MAschinenbauzulieferer;https://www.schaeffler.com/remotemedien/media/_shared_media_rwd/08_investor_relations/reports/2020_ar/2020_schaeffler_annual_report_de_7ors5a.pdf;https://www.schaeffler.com/remotemedien/media/_shared_media_rwd/08_investor_relations/reports/2019_ar/2019_schaeffler_annual_report_de_v6cil5.pdf;https://www.schaeffler.com/remotemedien/media/_shared_media_rwd/08_investor_relations/reports/2018_ar/2018_schaeffler_annual_report_de.pdf;https://www.schaeffler.com/remotemedien/media/_shared_media_rwd/08_investor_relations/reports/2017_ar/2017_schaeffler_annual_report_de.pdf;https://www.schaeffler.com/remotemedien/media/_shared_media_rwd/08_investor_relations/reports/2016_ar/2016_schaeffler_annual_report_de.pdf;https://www.schaeffler.com/remotemedien/media/_shared_media_rwd/08_investor_relations/reports/2015_schaeffler_annual_report_de.pdf;https://www.schaeffler.com/remotemedien/media/_shared_media/09_investor_relations/dokumente/publikationen/2014_5/2014_fy_schaeffler_annual_report_de_de.pdf;https://www.schaeffler.com/remotemedien/media/_shared_media/09_investor_relations/dokumente/publikationen/2013_6/2013_FY_Schaeffler_Geschftsbericht.pdf;https://www.schaeffler.com/remotemedien/media/_shared_media/09_investor_relations/dokumente/publikationen/2012/Schaeffler_GB_2012.pdf;nicht im MDAX
Scout24 AG;Online-Marktpl�tze;https://boersengefluester.de/wp-content/uploads/assets/annuals/2020/A12DM8.pdf;https://boersengefluester.de/wp-content/uploads/assets/annuals/2019/A12DM8.pdf;https://boersengefluester.de/wp-content/uploads/assets/annuals/2018/A12DM8.pdf;https://www.scout24.com/media/scout24/Investor_Relations/Berichte_und_Praesentationen/2017/Scout24_Geschaeftsbericht_2017_DE.pdf;https://www.scout24.com/media/scout24/Investor_Relations/Berichte_und_Praesentationen/2016/Scout24_Geschaeftsbericht_2016.pdf;https://www.scout24.com/media/scout24/Investor_Relations/Berichte_und_Praesentationen/2015/Scout24-AG_Geschaeftsbericht-2015.pdf;https://www.scout24.com/media/scout24/Investor_Relations/Berichte_und_Praesentationen/2014/Scout24_Konzernabschluss_31.12.2014.pdf;;;18. Jun 18
Shop Apotheke Europe N.V.;Apotheke;https://shop-apotheke-europe.com/uploads/02032021-gb-shop-apotheke-2020-web-1.pdf?_cchid=ba3278446c7ee56f65e5dab8122f33fb;https://shop-apotheke-europe.com/uploads/gb-shop-apotheke-2019.pdf?_cchid=37a8d1c40bf33a0b5ec3b7f53068b6c2;https://shop-apotheke-europe.com/uploads/downloads/shop-apotheke-annual-report_2018.pdf?_cchid=ee9fd7d0b7ce1f283068d65cd12cab92;https://shop-apotheke-europe.com/uploads/shop-apotheke-europe-annual-report-2017.pdf?_cchid=fb0cefc0a00cea3053cde8f36b8c3b25;https://shop-apotheke-europe.com/uploads/shop-apotheke-europe-geschaeftsbericht-2016.pdf?_cchid=7c9bce348625159a74ec34980d7662e2;;;;;21. Sep 20
Siemens Energy AG;Elektrotechnik, Energietechnik;https://assets.siemens-energy.com/siemens/assets/api/uuid:b49a17a8-2b80-4ee7-9b45-c68c8afd76da/2020-12-07-siemens-energy-ag-geschaeftsbericht-2020.pdf;;;;;;;;;nicht im MDAX
Siemens Healthineers AG;Medizintechnik;https://boersengefluester.de/wp-content/uploads/assets/annuals/2020/SHL100.pdf;https://boersengefluester.de/wp-content/uploads/assets/annuals/2019/SHL100.pdf;https://boersengefluester.de/wp-content/uploads/assets/annuals/2018/SHL100.pdf;https://cdn0.scrvt.com/0e46935d037de4ec3888566275864b37/1800000004856382/af6db1da1786/1800000004856382-73e26777cfa3-Siemens_Healthineers_Combined_Financial_Statements_FY17-15_V2_.pdf;;;;;;24. Sep 18
Siltronic AG;Halbleiterindustrie;https://boersengefluester.de/wp-content/uploads/assets/annuals/2020/WAF300.pdf;https://boersengefluester.de/wp-content/uploads/assets/annuals/2019/WAF300.pdf;https://boersengefluester.de/wp-content/uploads/assets/annuals/2018/WAF300.pdf;https://www.siltronic.com/fileadmin/investorrelations/2017/Quartal4/Siltronic_Geschaeftsbericht_2017.pdf;https://www.siltronic.com/fileadmin/investorrelations/2016/Quartal4/Jahresabschlussbericht_2016.pdf;https://www.siltronic.com/fileadmin/investorrelations/2015/Quartal4/Jahresabschlussbericht_2015.pdf;;;;24. Sep 18
Software AG;Software;https://boersengefluester.de/wp-content/uploads/assets/annuals/2020/A2GS40.pdf;https://boersengefluester.de/wp-content/uploads/assets/annuals/2019/A2GS40.pdf;https://boersengefluester.de/wp-content/uploads/assets/annuals/2018/A2GS40.pdf;https://investors.softwareag.com/content/dam/investorrelation/pdfs/german/finanzergebnisse/2017/q4/180125_de_sow_q4_2017_geschaeftsbericht.pdf.sagdownload.inline.1614607636501.pdf;https://investors.softwareag.com/content/dam/investorrelation/pdfs/german/finanzergebnisse/2016/q4/160126_de_sow_q4_2016_geschaeftsbericht.pdf.sagdownload.inline.1614608291905.pdf;https://investors.softwareag.com/content/dam/investorrelation/pdfs/german/finanzergebnisse/2015/q4/160324_de_sow_q4_2015_geschaefetsbericht.pdf.sagdownload.inline.1614608462471.pdf;https://investors.softwareag.com/content/dam/investorrelation/pdfs/german/finanzergebnisse/2014/q4/150128_de_sow_q4_2014_geschaefetsbericht.pdf.sagdownload.inline.1614611260632.pdf;https://investors.softwareag.com/content/dam/investorrelation/pdfs/german/finanzergebnisse/2013/q4/140128_de_sow_q4_2013_geschaefetsbericht.pdf.sagdownload.inline.1614611508396.pdf;https://investors.softwareag.com/content/dam/investorrelation/pdfs/german/finanzergebnisse/2012/q4/130129_de_sow_q4_2012_geschaefetsbericht.pdf.sagdownload.inline.1616140978361.pdf;24. Sep 18
STADA Arzneimittel AG;Pharmahersteller;https://www.stada.com/media/6358/gj2020-geschaeftsbericht-stada.pdf;https://www.stada.com/media/5545/gj2019-geschaeftsbericht-stada.pdf;https://www.stada.com/media/4045/gj2018-geschaeftsbericht-stada.pdf;https://www.stada.com/media/3012/gj2017-geschaeftsbericht-stada.pdf;https://www.stada.com/media/3023/gj2016-geschaeftsbericht-stada.pdf;https://www.stada.com/media/3038/gj2015-geschaeftsbericht-stada.pdf;https://www.stada.com/media/3049/gj2014-geschaeftsbericht-stadapdf.pdf;https://www.stada.com/media/3060/gj2013-geschaeftsbericht-2013-stada.pdf;https://ir.stada.de/stada/German/pdf/gb-2012.pdf;nicht im MDAX
Steinhoff International Holdings N.V. ;Einzelhandel, M�belindustrie;https://www.steinhoffinternational.com/downloads/2021/Steinhoff-annual-report-2020_web.pdf;https://www.steinhoffinternational.com/downloads/2020/STEINHOFF-ANNUAL-REPORT-2019_web.pdf;https://www.steinhoffinternational.com/downloads/2019/latest-results/STEINHOFF-ANNUAL-REPORT-2018.pdf;https://www.steinhoffinternational.com/downloads/2019/latest-results/STEINHOFF-ANNUAL-REPORT-2017.pdf;https://ircenter.handelsblatt.com/download/companies/steinhoffintnv/Annual%20Reports/NL0011375019-JA-2015-EQ-E-02.pdf;;;;;nicht im MDAX
Str�er SE & Co. KGaA;Medien;https://ir.stroeer.com/download/companies/stroeer/Annual%20Reports/STROEER_Geschaeftsbericht2020_01.pdf;https://ir.stroeer.com/download/companies/stroeer/Hauptversammlung/12_HV2020_DE0007493991-JA-2019-EQ-D-00.pdf;https://ir.stroeer.com/download/companies/stroeer/Annual%20Reports/DE0007493991-JA-2018-EQ-D-00.pdf;https://ir.stroeer.com/download/companies/stroeer/Annual%20Reports/DE0007493991-JA-2017-EQ-D-00.pdf;https://ir.stroeer.com/download/companies/stroeer/Annual%20Reports/DE0007493991-JA-2016-EQ-D-00.pdf;https://ir.stroeer.com/download/companies/stroeer/Annual%20Reports/DE0007493991-JA-2015-EQ-D-00.pdf;https://ir.stroeer.com/download/companies/stroeer/Annual%20Reports/DE0007493991-JA-2014-EQ-D-01.pdf;https://ir.stroeer.com/download/companies/stroeer/Annual%20Reports/DE0007493991-JA-2013-EQ-D-00.pdf;https://ir.stroeer.com/download/companies/stroeer/Annual%20Reports/DE0007493991-JA-2012-EQ-D-00.pdf;22. Jun 20
Symrise AG;Duftstoffe;https://boersengefluester.de/wp-content/uploads/assets/annuals/2020/SYM999.pdf;https://boersengefluester.de/wp-content/uploads/assets/annuals/2019/SYM999.pdf;https://boersengefluester.de/wp-content/uploads/assets/annuals/2018/SYM999.pdf;https://www.symrise.com/de/investoren/finanzergebnisse/index.php?eID=tx_securedownloads&p=1&u=0&g=0&t=1619104760&hash=b70402bdaae8329c4148621d278cda16d66da5ec&file=fileadmin/symrise/Downloads_reports/agm/documents/2018/SYM_Finanzbericht_de_180314.pdf;https://www.symrise.com/de/investoren/finanzergebnisse/index.php?eID=tx_securedownloads&p=1&u=0&g=0&t=1619104757&hash=df6085b569e9e0448f1133fa43a7abacb2e35fea&file=fileadmin/symrise/Downloads_reports/reports/documents/2016/170314_SYM_Finanzbericht_2016.pdf;https://www.symrise.com/de/investoren/finanzergebnisse/index.php?eID=tx_securedownloads&p=1&u=0&g=0&t=1619104776&hash=cd838e0d85cdb87819840678c065ec12de5f003c&file=fileadmin/symrise/Downloads_reports/reports/documents/2015/160308_SYM_FB2015.pdf;https://www.symrise.com/de/investoren/finanzergebnisse/index.php?eID=tx_securedownloads&p=1&u=0&g=0&t=1619104781&hash=eea6e4a1e776154ef24b661a44b5535d3b8121c2&file=fileadmin/symrise/Downloads_reports/reports/documents/2014/SYM_Finanzbericht-2014_DE.pdf;https://www.symrise.com/de/investoren/finanzergebnisse/index.php?eID=tx_securedownloads&p=1&u=0&g=0&t=1619104781&hash=3270bc9f318d217dae1f2bfc1cf3eff392e26d41&file=fileadmin/symrise/Downloads_reports/reports/documents/2013/140310_SYM_Finanzbericht_2013.pdf;https://www.symrise.com/de/investoren/finanzergebnisse/index.php?eID=tx_securedownloads&p=1&u=0&g=0&t=1619104781&hash=f837d9cf66aca6fcdac567717a303fb534b71f4f&file=fileadmin/symrise/Downloads_reports/reports/documents/2012/SYM-Finanzbericht_de_130311.pdf;19. Mrz 07
TAG Immobilien AG;Immobilien;https://boersengefluester.de/wp-content/uploads/assets/annuals/2020/830350.pdf;https://boersengefluester.de/wp-content/uploads/assets/annuals/2019/830350.pdf;https://boersengefluester.de/wp-content/uploads/assets/annuals/2018/830350.pdf;https://boersengefluester.de/wp-content/uploads/assets/annuals/2017/830350.pdf;https://boersengefluester.de/wp-content/uploads/assets/annuals/2016/830350.pdf;https://www.tag-ag.com/fileadmin/content/geschaeftsberichte/2015_TAG_Geschaeftsbericht_DE.pdf;https://www.tag-ag.com/fileadmin/content/geschaeftsberichte/2014_TAG_Geschaeftsbericht_DE.pdf;https://www.tag-ag.com/fileadmin/content/geschaeftsberichte/2013_TAG_Geschaeftsbericht_DE.pdf;https://www.tag-ag.com/fileadmin/content/geschaeftsberichte/2012_TAG_Geschaeftsbericht_DE.pdf;24. Sep 12
Talanx AG;Finanzdienstleistungen;https://www.talanx.com/media/Files/investor-relations/pdf/geschaeftsberichte/Gesch%C3%A4ftsberichte/Talanx-AG/2020_talanx_ag_de.pdf;https://www.talanx.com/media/Files/investor-relations/pdf/geschaeftsberichte/Gesch%C3%A4ftsberichte/Talanx-AG/2019-talanx-ag-geschaeftsbericht.pdf;https://www.talanx.com/media/Files/investor-relations/pdf/geschaeftsberichte/Gesch%C3%A4ftsberichte/Talanx-AG/2018-talanx-ag-geschaeftsbericht.pdf;https://www.talanx.com/media/Files/investor-relations/pdf/geschaeftsberichte/Gesch%C3%A4ftsberichte/Talanx-AG/2017-talanx-ag-geschaeftsbericht.pdf;https://www.talanx.com/media/Files/investor-relations/pdf/geschaeftsberichte/Gesch%C3%A4ftsberichte/Talanx-AG/2016-talanx-ag-geschaeftsbericht.pdf;https://www.talanx.com/media/Files/investor-relations/pdf/geschaeftsberichte/Gesch%C3%A4ftsberichte/Talanx-AG/2015-talanx-ag-geschaeftsbericht.pdf;https://www.talanx.com/media/Files/investor-relations/pdf/geschaeftsberichte/Gesch%C3%A4ftsberichte/Talanx-AG/2014_talanx_ag_de.pdf;https://www.talanx.com/media/Files/investor-relations/pdf/geschaeftsberichte/Gesch%C3%A4ftsberichte/Talanx-AG/2013_tx_ag_de.pdf;https://www.talanx.com/media/Files/investor-relations/pdf/geschaeftsberichte/Gesch%C3%A4ftsberichte/Talanx-AG/gb_talanx_ag_2012_de.pdf;nicht im MDAX
TeamViewer AG;Software;https://boersengefluester.de/wp-content/uploads/assets/annuals/2020/A2YN90.pdf;https://boersengefluester.de/wp-content/uploads/assets/annuals/2019/A2YN90.pdf;https://boersengefluester.de/wp-content/uploads/assets/annuals/2018/A2YN90.pdf;;;;;;;23. Dez 19
Telef�nica Deutschland Holding AG;Telekommunikation;https://boersengefluester.de/wp-content/uploads/assets/annuals/2020/A1J5RX.pdf;https://boersengefluester.de/wp-content/uploads/assets/annuals/2019/A1J5RX.pdf;https://boersengefluester.de/wp-content/uploads/assets/annuals/2018/A1J5RX.pdf;https://www.telefonica.de/file/public/1196/TEFD-4-Konzernabschluss-2017-DE-Homepage.pdf?attachment=1;https://www.telefonica.de/file/public/1172/Konzernabschluss_2016_TDH_deutsch_online.pdf?attachment=1;https://www.telefonica.de/file/public/826/Konzernabschluss_2015_TDH_deutsch_online.pdf?attachment=1;https://www.telefonica.de/file/public/1087/Telefonica-Deutschland-Geschaeftsbericht-2014-deutsch-.pdf?attachment=1;https://www.telefonica.de/file/public/999/Telefonica-Deutschland-Geschaeftsbericht-2013-mit-Magazin-deutsch.pdf?attachment=1;https://www.telefonica.de/file/public/874/Telefonica-Deutschland-Geschaeftsbericht-2012_D.PDF?attachment=1;24. Sep 18
Thyssenkrupp AG;Mischkonzern;https://boersengefluester.de/wp-content/uploads/assets/annuals/2020/750000.pdf;https://boersengefluester.de/wp-content/uploads/assets/annuals/2019/750000.pdf;https://boersengefluester.de/wp-content/uploads/assets/annuals/2018/750000.pdf;https://ucpcdn.thyssenkrupp.com/_legacy/UCPthyssenkruppAG/assets.files/media/investoren/berichterstattung-publikationen/update-23.11.2017/de/2016-2017-thyssenkrupp-gb-de-web.pdf;https://ucpcdn.thyssenkrupp.com/_legacy/UCPthyssenkruppAG/assets.files/media/investoren/berichterstattung-publikationen/update-24.11.2016/de/archiv/thyssenkrupp_gb_de_2015_2016.pdf;https://ucpcdn.thyssenkrupp.com/_legacy/UCPthyssenkruppAG/assets.files/media/investoren/berichterstattung-publikationen/archiv/finanzberichte-de/2014-2015/thyssenkrupp_2014_2015_gb.pdf;https://ucpcdn.thyssenkrupp.com/_legacy/UCPthyssenkruppAG/assets.files/media/investoren/berichterstattung-publikationen/archiv/finanzberichte-de/2013-2014/thyssenkrupp_2013_2014_gb.pdf;https://ucpcdn.thyssenkrupp.com/_legacy/UCPthyssenkruppAG/assets.files/media/investoren/berichterstattung-publikationen/archiv/finanzberichte-de/2012-2013/thyssenkrupp_2012_2013_gb.pdf;https://ucpcdn.thyssenkrupp.com/_legacy/UCPthyssenkruppAG/assets.files/media/investoren/berichterstattung-publikationen/archiv/finanzberichte-de/2011-2012/thyssenkrupp_2011_2012_gb.pdf;23. Sep 19
Uniper SE;Energie;https://boersengefluester.de/wp-content/uploads/assets/annuals/2020/UNSE01.pdf;https://boersengefluester.de/wp-content/uploads/assets/annuals/2019/UNSE01.pdf;https://boersengefluester.de/wp-content/uploads/assets/annuals/2018/UNSE01.pdf;https://ir.uniper.energy/download/companies/uniperag/Annual%20Reports/DE000UNSE018-JA-2017-EQ-D-01.pdf;https://ir.uniper.energy/download/companies/uniperag/Annual%20Reports/DE000UNSE018-JA-2016-EQ-D-01.pdf;;;;;19. Dez 16
United Internet AG;Internet-Provider, Dienstleistungen;https://boersengefluester.de/wp-content/uploads/assets/annuals/2020/508903.pdf;https://boersengefluester.de/wp-content/uploads/assets/annuals/2019/508903.pdf;https://boersengefluester.de/wp-content/uploads/assets/annuals/2018/508903.pdf;https://www.united-internet.de/fileadmin/publications/United_Internet_GB_2017.pdf;https://www.united-internet.de/fileadmin/publications/United_Internet_GB_2016.pdf;https://www.united-internet.de/fileadmin/publications/United_Internet_GB_2015.pdf;https://www.united-internet.de/fileadmin/publications/United_Internet_GB_2014.pdf;https://www.united-internet.de/fileadmin/publications/United_Internet_GB_2013.pdf;https://www.united-internet.de/fileadmin/publications/UI_GeschBericht_2012_DE_online.pdf;24. Sep 18
Varta AG;Elektrotechnik;https://boersengefluester.de/wp-content/uploads/assets/annuals/2020/A0TGJ5.pdf;https://boersengefluester.de/wp-content/uploads/assets/annuals/2019/A0TGJ5.pdf;https://boersengefluester.de/wp-content/uploads/assets/annuals/2018/A0TGJ5.pdf;http://www.varta-ag.com/fileadmin/varta_ag/publications/financial_and_quarterly_reports/00_VARTA-AG_GB2017_dt_gesamt_9MAI_prt.pdf;;;;;;23. Dez 19
Wacker Chemie AG;Chemie;https://www.wacker.com/cms/media/de/asset/about_wacker/wacker_at_a_glance/annual_report/annual_report_20.pdf;https://www.wacker.com/cms/media/de/asset/about_wacker/wacker_at_a_glance/annual_report/annual_report_19.pdf;https://www.wacker.com/cms/media/de/asset/about_wacker/investor_relations_2/publications_1/2018_1/q4_annual_report_6/annual_report_2018.pdf;https://www.wacker.com/cms/media/de/asset/about_wacker/investor_relations_2/publications_1/2017_3/q4_annual_report_5/annual_report_17.pdf;https://www.wacker.com/cms/media/de/asset/about_wacker/investor_relations_2/publications_1/2016_3/q4_annual_report/annual_report_16.pdf;https://www.wacker.com/cms/media/de/asset/about_wacker/investor_relations_2/publications_1/2015_4/q4_annual_report_1/annual_report_15.pdf;https://www.wacker.com/cms/media/de/asset/about_wacker/investor_relations_2/publications_1/2014_4/q4_annual_report_2/annual_report_14.pdf;https://www.wacker.com/cms/media/de/asset/about_wacker/investor_relations_2/publications_1/2013_4/q4_annual_report_3/annual_report_13.pdf;https://www.wacker.com/cms/media/de/asset/about_wacker/investor_relations_2/publications_1/2012_4/q4_annual_report_4/annual_report_12.pdf;21. Sep 20
Zalando SE;Modeversand;https://boersengefluester.de/wp-content/uploads/assets/annuals/2020/ZAL111.pdf;https://boersengefluester.de/wp-content/uploads/assets/annuals/2019/ZAL111.pdf;https://boersengefluester.de/wp-content/uploads/assets/annuals/2018/ZAL111.pdf;https://corporate.zalando.com/sites/default/files/media-download/zalando_se_geschaeftsbericht_2017.pdf;https://corporate.zalando.com/sites/default/files/media-download/zalando_se_geschaeftsbericht_2016_0.pdf;https://corporate.zalando.com/sites/default/files/media-download/zalando_annual_report_2015_e_s_1.pdf;https://corporate.zalando.com/sites/default/files/media-download/zalando_geschaeftsbericht_2014.pdf;;;22. Jun 15
